Col0,Col1
35825992999_455.jpg,455
29838333635_455.jpg,455
96534361376_455.jpg,455
86462131001_336.1 (1).jpg,336
79244340867_453.jpg,453
5515689933_453.jpg,453
4621215503_453.jpg,453
59731152602_453.jpg,453
43451300992_453.jpg,453
76958319832_460.jpg,460
73242477694_460.jpg,460
27797915717_460.jpg,460
87335630370_460.jpg,460
60160516593_454.jpg,454
89741378093_454.jpg,454
33987362957_454.jpg,454
45542766353_454.jpg,454
90179815598_454.jpg,454
31513897855_347.jpg,347
62112734166_347.jpg,347
5033883193_347.jpg,347
99208216010_345.jpg,345
33461269834_345.jpg,345
69944974851_345.jpg,345
74030714625_345.jpg,345
85535373772_461.jpg,461
5674477907_461.jpg,461
12176260233_461.jpg,461
24566307139_461.jpg,461
62451645714_334.jpg,334
54148368395_334.jpg,334
77572545470_334.jpg,334
64974968302_335.jpg,335
85096659041_335.jpg,335
65838185604_335.jpg,335
58554410732_456.jpg,456
81329546725_456.jpg,456
19300229713_456.jpg,456
27250069371_456.jpg,456
